sim,codon_sites
5,"Any[[61], [301]]"
56,"Any[[705], [497, 705]]"
484,"Any[[256], [498], [499]]"
60,"Any[[238], [185, 238, 263], [238, 263, 404, 485, 497]]"
175,"Any[[634], [634], [634]]"
82,"Any[[507], [647], [323, 613]]"
500,"Any[[51, 89, 126, 162], [72, 77, 126, 179, 283, 293], [51, 126], [117, 293, 559]]"
339,"Any[[408, 623, 741], [149, 741], [408, 681, 741], [149, 374, 408, 554, 623], [149, 331, 374, 741]]"
314,"Any[[308], [9]]"
347,"Any[[627], [486]]"
296,"Any[[61], [295], [604]]"
26,"Any[[324], [324]]"
163,"Any[[8, 203], [145, 203, 260], [8, 203, 272, 434, 450, 491, 504], [336, 399], [203, 336, 434]]"
211,"Any[[243], [326], [612], [391], [178, 326]]"
343,"Any[[100, 153, 323], [100], [65, 323, 366]]"
